rank,type,m,k,n,count,total_ms,mean_us,p50_us,p99_us,operations,modeled_bytes,effective_tops,compute_util_pct,modeled_mbu_pct,roofline_lower_ms,ideal_speedup,duration_weighted_aic_mac_ratio,duration_weighted_cube_utilization(%)
rank0,QuantBatchMatmulV3,16384,5120,17408,67,322.43372800000003,4812.443701492537,4812.146,4827.66714,195678710005760,49817229312,606.8804005695087,54.18575005084899,4.828243080078768,174.71313393371435,1.8455036592860297,0.8797596228301525,99.6725876842698
rank0,QuantBatchMatmulV3,12288,5120,17408,67,238.122762,3554.0710746268655,3551.444,3589.356,146759032504320,38856415232,616.3166900622462,55.02827589841483,5.099315016344384,131.03485045028572,1.817247558048255,0.8946712227451822,98.56507082864259
rank0,QuantBatchMatmulV3,16384,8704,5120,67,156.956142,2342.6289850746266,2342.388,2349.8084,97839355002880,23786256384,623.3547394588738,55.65667316597088,4.735848514931006,87.35656696685717,1.7967297416752732,0.9069547923330074,99.25229717401567
rank0,QuantBatchMatmulV3,12288,8704,5120,67,117.575694,1754.861104477612,1754.04,1775.2504,73379516252160,18586318848,624.1044705392936,55.723613441008354,4.939987545385018,65.51742522514286,1.7945713464160882,0.9051702890565121,98.37680187995318
rank0,QuantBatchMatmulV3,16384,5120,8192,48,108.810569,2266.8868541666666,2267.1615,2271.201,65970697666560,18928631808,606.2894282499341,54.132984665172685,5.436234268750125,58.90240863085714,1.8473025387114226,0.8809995005172705,99.44770650374964
rank0,QuantBatchMatmulV3,2048,5120,17408,134,84.10583,627.6554477611941,629.451,640.5957999999999,48919677501440,22908760064,581.6443105244905,51.93252772540094,8.511880234699547,43.67828348342854,1.9255754414412736,0.8525171586797254,97.66498677866922
rank0,QuantBatchMatmulV3,12288,5120,8192,48,81.98939999999999,1708.1125,1708.257,1725.3228,49478023249920,14699986944,603.468536785487,53.88111935584705,5.602853442030312,44.1768064731429,1.8559376864383597,0.8889355067972202,97.2556656295936
rank0,MatMulV3,16384,3072,5120,48,78.133178,1627.7745416666667,1627.83,1636.395,24739011624960,14394851328,316.6262048749636,56.540393727672075,5.7573378622843165,44.1768064731429,1.7686470398782839,0.9231454184930248,98.53978374770574
rank0,MatMulV3,12288,3072,5120,48,57.887001,1205.9791874999999,1206.467,1212.4088,18554258718720,11173625856,320.52547891917914,57.23669266413913,6.0320244954476046,33.13260485485716,1.7471309984102834,0.9371865065872043,97.18828026385404
rank0,QuantBatchMatmulV3,2048,8704,5120,134,42.969653,320.66905223880593,320.296,327.5602,24459838750720,11172950016,569.2351937475502,50.82457087031697,8.125611067885513,21.83914174171427,1.9675522741777438,0.8704763966094861,93.37043121132487
rank0,QuantBatchMatmulV3,16384,5120,7168,19,37.71706,1985.1084210526315,1985.619,1988.8822,22849226014720,6755395584,605.8061263184353,54.08983270700315,5.597098819473205,20.401094656000005,1.8487762855856036,0.8826835110159701,99.175876954646
rank0,QuantBatchMatmulV3,2048,5120,8192,96,28.866896,300.69683333333336,300.414,305.219,16492674416640,8256749568,571.335221377456,51.01207333727287,8.938384785118567,14.725602157714322,1.9603202429910453,0.854287735023537,95.66850979997989
rank0,QuantBatchMatmulV3,12288,5120,7168,19,27.940116999999997,1470.5324736842103,1469.338,1491.03502,17136919511040,5240940544,613.3445866042724,54.7629095182386,5.861800507134598,15.300820991999995,1.8260534525963303,0.8901522414526754,98.53632213157876
rank0,MatMulV3,2048,3072,5120,96,24.203688,252.12175,252.4005,255.858,6184752906240,6241124352,255.5293600809926,45.63024287160582,8.05807511648638,11.04420161828573,2.191528988381224,0.7681141173196415,94.51092380636372
rank0,QuantBatchMatmulV3,16384,3072,5120,19,16.931995999999998,891.1576842105263,890.951,895.4487799999999,9792525434880,4444256256,578.344421701966,51.63789479481839,8.202400236806104,8.743326281142858,1.9365622939770677,0.8443135342106153,98.97197786096808
rank0,MatMulV2,16384,5120,48,48,13.73134,286.06958333333336,285.873,292.52160000000003,386547056640,8152154112,28.150716291345198,5.0269136234545,18.552800819148022,2.5475481599999994,5.390021753308091,0.10962153030949638,88.56935548569913
rank0,QuantBatchMatmulV3,12288,3072,5120,19,12.69346,668.0768421052632,668.573,678.71298,7344394076160,3407951872,578.5967006757811,51.660419703194734,8.390028881014318,6.557494710857141,1.935717916628074,0.8485206440166826,97.57891966485103
rank0,QuantBatchMatmulV3,2048,5120,7168,38,10.124848,266.44336842105264,266.5315,269.75876999999997,5712306503680,2909605888,564.1868898851618,50.37382945403229,8.980399903287436,5.100273663999999,1.9851577909369222,0.8455608381478911,95.47052182985857
rank0,MatMulV2,12288,5120,48,48,9.763659,203.4095625,203.5265,205.85913,289910292480,6120013824,29.692791655259565,5.302284224153493,19.587987659134757,1.91250432,5.105169644793273,0.10099731606767504,98.2551100103967
rank0,MatMulV3,16384,10240,2560,3,8.738798999999998,2912.9329999999995,2912.053,2915.6986,2576980377600,1415577600,294.8895354613375,52.65884561809598,5.062114370636057,4.601750674285714,1.8990161828696723,0.8660000000000001,97.48796189407722
rank0,MatMulV2,1,5120,124160,8,8.692817999999999,1086.60225,1087.417,1099.3748,10171187200,10173255680,1.1700678882268098,0.20894069432621604,36.572057530710985,3.1791424000000004,2.7343279747393505,0.10449253579219074,95.5436990476506
rank0,MatMulV3,12288,10240,2560,3,6.253280000000001,2084.4266666666667,2085.106,2087.49818,1932735283200,1101004800,309.07544251976555,55.192043307101,5.502136478775937,3.4513130057142853,1.8118553691440162,0.8833316190863035,99.559687200797
rank0,QuantBatchMatmulV3,2048,3072,5120,38,5.052242000000001,132.95373684210526,132.8005,136.861,2448131358720,1634381824,484.56335993406486,43.26458570839865,10.109260799462891,2.1858315702857163,2.3113592413433794,0.7440452844499531,93.30698621225982
rank0,MatMulV2,8,5120,124160,4,4.459977,1114.99425,1113.029,1125.20397,40684748800,5093867520,9.122188029220778,1.6289621480751388,35.69152038228,1.5918336,2.801785940440006,0.10099999999999998,95.7748742056293
rank0,MatMulV2,6,5120,124160,4,4.441816000000001,1110.4540000000002,1107.429,1119.79557,30513561600,5091799040,6.8696140497490195,1.2267167945980393,35.8228976616771,1.5911872,2.791510640608472,0.1015013620555196,95.80748116716222
rank0,MatMulV3,2048,10240,2560,6,2.207017,367.83616666666666,366.5095,372.533,644245094400,629145600,291.90762662906536,52.12636189804739,8.908313800935833,1.1504376685714286,1.9184151043494542,0.8872580587281385,93.59905659947341
rank0,MatMulV2,2048,5120,48,96,1.730319,18.02415625,17.9715,19.429,96636764160,2079326208,55.84910306134302,9.97305411809697,37.5531586950152,0.6497894400000004,2.662891843856371,0.36385965362456285,54.71222512611837
rank1,QuantBatchMatmulV3,16384,5120,17408,67,322.063723,4806.9212388059705,4806.645,4821.7660000000005,195678710005760,49817229312,607.5776190594431,54.248001701735994,4.83379003850117,174.71313393371435,1.8433858734523647,0.8807443978718461,99.65812639166444
rank1,QuantBatchMatmulV3,12288,5120,17408,67,238.304875,3556.7891791044776,3557.025,3588.241,146759032504320,38856415232,615.845699775634,54.98622319425304,5.0954181109387715,131.03485045028572,1.8186373638852076,0.8946257107119608,98.47447647741996
rank1,QuantBatchMatmulV3,16384,8704,5120,67,156.97958799999998,2342.978925373134,2342.688,2350.14346,97839355002880,23786256384,623.2616370663427,55.64836045235204,4.735141182814163,87.35656696685717,1.7969981359221405,0.9072229237854796,99.20510250578566
rank1,QuantBatchMatmulV3,12288,8704,5120,67,117.939536,1760.2915820895523,1760.581,1771.15366,73379516252160,18586318848,622.1791160189065,55.55170678740237,4.924747745319262,65.51742522514286,1.800124708727713,0.9037267379362931,98.23124316509944
rank1,QuantBatchMatmulV3,16384,5120,8192,48,108.838648,2267.4718333333335,2267.6310000000003,2271.5398,65970697666560,18928631808,606.1330132156731,54.119019037113674,5.4348317887962,58.90240863085714,1.8477792424770696,0.881103854514988,99.38390281907948
rank1,QuantBatchMatmulV3,2048,5120,17408,134,83.561729,623.5949925373135,625.95,634.45167,48919677501440,22908760064,585.431609504394,52.27067942003519,8.567304202142585,43.67828348342854,1.913118427185976,0.8543400746530746,98.06408481554995
rank1,QuantBatchMatmulV3,12288,5120,8192,48,81.376189,1695.3372708333334,1694.485,1715.7448,49478023249920,14699986944,608.0159793415737,54.28714101264051,5.645073794252026,44.1768064731429,1.8420568505664232,0.8903540223295541,97.80130249218232
rank1,MatMulV3,16384,3072,5120,48,78.033626,1625.7005416666668,1626.001,1633.88373,24739011624960,14394851328,317.03014319698536,56.61252557089025,5.764682830450555,44.1768064731429,1.7663935496885725,0.923811781731122,98.56054587864469
rank1,MatMulV3,12288,3072,5120,48,57.473302000000004,1197.3604583333333,1196.786,1206.67427,18554258718720,11173625856,322.8326557384853,57.64868852472952,6.075443655560281,33.13260485485716,1.734644838574307,0.9349146342766247,98.10495521189995
rank1,QuantBatchMatmulV3,2048,8704,5120,134,42.624887,318.09617164179105,317.525,325.2834,24459838750720,11172950016,573.8393805177712,51.235658974801,8.19133404388849,21.83914174171427,1.9517656647918322,0.876202551692395,93.49502422404076
rank1,QuantBatchMatmulV3,16384,5120,7168,19,37.737561,1986.1874210526316,1986.219,1989.253,22849226014720,6755395584,605.477021016806,54.060448305071965,5.594058185159342,20.401094656000005,1.849781182643614,0.8827889731930476,99.09254531126163
rank1,QuantBatchMatmulV3,2048,5120,8192,96,28.940398000000002,301.4624791666667,301.664,306.683,16492674416640,8256749568,569.8841604265427,50.88251432379847,8.915683329579641,14.725602157714322,1.9653116857322506,0.8529969161101377,95.5598270380041
rank1,QuantBatchMatmulV3,12288,5120,7168,19,27.928236000000002,1469.9071578947369,1468.878,1487.14882,17136919511040,5240940544,613.6055106036771,54.78620630389975,5.864294185998714,15.300820991999995,1.8252769583149968,0.8895249222686317,98.64308639177926
rank1,MatMulV3,2048,3072,5120,96,24.116654999999998,251.21515624999998,251.0905,255.03305,6184752906240,6241124352,256.4515230756504,45.79491483493758,8.087155370427617,11.04420161828573,2.1836485636110075,0.7679880649285733,94.86384666368532
rank1,QuantBatchMatmulV3,16384,3072,5120,19,16.952562,892.240105263158,891.712,898.3596,9792525434880,4444256256,577.6428031869165,51.575250284546115,8.192449495244436,8.743326281142858,1.9389144880206959,0.8433677497242008,98.95778699892087
rank1,MatMulV2,16384,5120,48,48,13.611734,283.57779166666666,283.773,287.71772999999996,386547056640,8152154112,28.398076001191324,5.071085000212737,18.715823861970854,2.5475481599999994,5.343072297404577,0.11093266464066959,88.32086598694919
rank1,QuantBatchMatmulV3,12288,3072,5120,19,12.701596,668.5050526315789,668.494,675.8024,7344394076160,3407951872,578.2260808925114,51.62732865111709,8.384654652848349,6.557494710857141,1.9369586343653724,0.8480474749787348,97.56196367251799
rank1,QuantBatchMatmulV3,2048,5120,7168,38,10.13759,266.7786842105263,266.771,272.292,5712306503680,2909605888,563.4777598699494,50.31051427410262,8.969112382726072,5.100273663999999,1.987656088251817,0.8451078523593871,95.38444141802934
rank1,MatMulV2,12288,5120,48,48,9.760364,203.34091666666666,203.356,205.5632,289910292480,6120013824,29.702815640892087,5.3040742215878725,19.59460036531425,1.91250432,5.103446772867943,0.1010605064524233,98.16317360407871
rank1,MatMulV3,16384,10240,2560,3,8.754380000000001,2918.126666666667,2921.513,2921.57278,2576980377600,1415577600,294.3646925995901,52.56512367849824,5.0531048458029,4.601750674285714,1.9024020681778593,0.8669999999999999,97.2604144841782
rank1,MatMulV2,1,5120,124160,8,8.7213,1090.1625,1091.4375,1109.3776,10171187200,10173255680,1.1662466834072902,0.20825833632273041,36.45262059555342,3.1791424000000004,2.7432869946310046,0.10411296469563025,95.39373537775333
rank1,MatMulV3,12288,10240,2560,3,6.260762,2086.9206666666664,2086.987,2089.41838,1932735283200,1101004800,308.7060781419259,55.126085382486764,5.495561083459171,3.4513130057142853,1.8140232397450342,0.8833325195878713,99.48767516653723
rank1,QuantBatchMatmulV3,2048,3072,5120,38,5.044103,132.73955263157896,132.76049999999998,136.15480000000002,2448131358720,1634381824,485.3452355592263,43.334396032073776,10.12557277280024,2.1858315702857163,2.307635715656111,0.7418798789398235,93.71841318426688
rank1,MatMulV2,8,5120,124160,4,4.454057,1113.51425,1113.3895,1118.5428299999999,40684748800,5093867520,9.134312560436475,1.6311272429350847,35.738958886246856,1.5918336,2.7980669587574982,0.10124890319095603,95.81001240868717
rank1,MatMulV2,6,5120,124160,4,4.445376,1111.344,1111.149,1117.9958,30513561600,5091799040,6.864112641990239,1.2257344003553998,35.79420953368174,1.5911872,2.7937479637845253,0.10174847369491354,95.61611214866863
rank1,MatMulV3,2048,10240,2560,6,2.184955,364.15916666666664,363.029,369.30305,644245094400,629145600,294.85508598575257,52.65269392602724,8.998263122123797,1.1504376685714286,1.899238054951032,0.890954805476543,94.20332261122084
rank1,MatMulV2,2048,5120,48,96,1.515683,15.788364583333333,15.721,16.603,96636764160,2079326208,63.75789934966613,11.385339169583238,42.87106472791475,0.6497894400000004,2.3325756109548332,0.3806895617355344,59.71072109603394
